,Date,Province,New Clinical Cases,Total Clinical Cases,New Cases Among Medical Staff,Total Cases Among Medical Staff,New Deaths,Total Deaths
0,2003-04-26,Beijing,113,988,7.0,167.0,6,48
1,2003-04-26,Tianjin,1,22,0.0,10.0,0,2
2,2003-04-26,Hebei,3,21,0.0,5.0,0,0
3,2003-04-26,Shanxi,22,195,1.0,47.0,0,8
4,2003-04-26,Inner Mongolia,4,74,0.0,13.0,0,6
5,2003-04-26,Liaoning,0,1,0.0,0.0,0,0
6,2003-04-26,Jilin,0,7,0.0,2.0,0,0
7,2003-04-26,Heilongjiang,0,0,0.0,0.0,0,0
8,2003-04-26,Shanghai,0,2,0.0,0.0,0,0
9,2003-04-26,Jiangsu,0,0,0.0,0.0,0,0
10,2003-04-26,Zhejiang,0,3,0.0,0.0,0,0
11,2003-04-26,Anhui,0,1,0.0,0.0,0,0
12,2003-04-26,Fujian,0,3,0.0,0.0,0,0
13,2003-04-26,Jiangxi,0,0,0.0,0.0,0,0
14,2003-04-26,Shandong,0,1,0.0,0.0,0,0
15,2003-04-26,Henan,1,10,0.0,1.0,0,0
16,2003-04-26,Hubei,1,2,0.0,1.0,0,0
17,2003-04-26,Hunan,0,6,0.0,0.0,0,1
18,2003-04-26,Guangdong,5,1379,0.0,342.0,1,51
19,2003-04-26,Guangxi,0,16,0.0,0.0,0,3
20,2003-04-26,Chongqing,0,0,0.0,0.0,0,0
21,2003-04-26,Sichuan,1,10,0.0,0.0,0,2
22,2003-04-26,Shaanxi,3,5,0.0,0.0,0,0
23,2003-04-26,Gansu,0,2,0.0,0.0,0,0
24,2003-04-26,Ningxia,0,5,0.0,0.0,0,1
25,2003-04-26,Xinjiang,0,0,0.0,0.0,0,0
27,2003-04-27,Beijing,126,1114,20.0,187.0,8,56
28,2003-04-27,Tianjin,0,22,0.0,10.0,0,2
29,2003-04-27,Hebei,6,27,1.0,6.0,0,0
30,2003-04-27,Shanxi,19,214,1.0,48.0,1,9
31,2003-04-27,Inner Mongolia,2,76,0.0,13.0,0,6
32,2003-04-27,Liaoning,0,1,0.0,0.0,0,0
33,2003-04-27,Jilin,0,7,0.0,2.0,0,0
34,2003-04-27,Heilongjiang,0,0,0.0,0.0,0,0
35,2003-04-27,Shanghai,0,2,0.0,0.0,0,0
36,2003-04-27,Jiangsu,0,0,0.0,0.0,0,0
37,2003-04-27,Zhejiang,0,3,0.0,0.0,0,0
38,2003-04-27,Anhui,3,4,0.0,0.0,0,0
39,2003-04-27,Fujian,0,3,0.0,0.0,0,0
40,2003-04-27,Jiangxi,0,0,0.0,0.0,0,0
41,2003-04-27,Shandong,0,1,0.0,0.0,0,0
42,2003-04-27,Henan,0,10,0.0,1.0,0,0
43,2003-04-27,Hubei,0,2,0.0,1.0,0,0
44,2003-04-27,Hunan,0,6,0.0,0.0,0,1
45,2003-04-27,Guangdong,3,1382,0.0,342.0,0,51
46,2003-04-27,Guangxi,0,16,0.0,0.0,0,3
47,2003-04-27,Chongqing,0,0,0.0,0.0,0,0
48,2003-04-27,Sichuan,2,12,0.0,0.0,0,2
49,2003-04-27,Shaanxi,0,5,0.0,0.0,0,0
50,2003-04-27,Gansu,0,2,0.0,0.0,0,0
51,2003-04-27,Ningxia,0,5,0.0,0.0,0,1
52,2003-04-27,Xinjiang,0,0,0.0,0.0,0,0
54,2003-04-29,Beijing,152,1347,50.0,255.0,7,66
55,2003-04-29,Tianjin,1,44,0.0,23.0,0,2
56,2003-04-29,Hebei,9,39,1.0,7.0,1,4
57,2003-04-29,Shanxi,23,266,4.0,62.0,0,9
58,2003-04-29,Inner Mongolia,7,120,2.0,16.0,1,8
59,2003-04-29,Liaoning,0,1,0.0,0.0,0,0
60,2003-04-29,Jilin,0,7,0.0,2.0,0,0
61,2003-04-29,Heilongjiang,0,0,0.0,0.0,0,0
62,2003-04-29,Shanghai,0,2,0.0,0.0,0,0
63,2003-04-29,Jiangsu,0,0,0.0,0.0,0,0
64,2003-04-29,Zhejiang,0,3,0.0,0.0,0,0
65,2003-04-29,Anhui,1,5,0.0,0.0,0,0
66,2003-04-29,Fujian,0,3,0.0,0.0,0,0
67,2003-04-29,Jiangxi,0,0,0.0,0.0,0,0
68,2003-04-29,Shandong,0,1,0.0,0.0,0,0
69,2003-04-29,Henan,1,12,0.0,1.0,0,0
70,2003-04-29,Hubei,0,3,0.0,1.0,0,0
71,2003-04-29,Hunan,0,6,0.0,0.0,0,1
72,2003-04-29,Guangdong,4,1399,0.0,342.0,0,51
73,2003-04-29,Guangxi,1,17,0.0,0.0,0,3
74,2003-04-29,Chongqing,0,0,0.0,0.0,0,0
75,2003-04-29,Sichuan,0,12,0.0,0.0,0,2
76,2003-04-29,Shaanxi,3,8,0.0,0.0,0,0
77,2003-04-29,Gansu,0,3,0.0,0.0,0,1
78,2003-04-29,Ningxia,0,5,0.0,0.0,0,1
79,2003-04-29,Xinjiang,0,0,0.0,0.0,0,0
81,2003-04-30,Beijing,101,1440,18.0,270.0,9,75
82,2003-04-30,Tianjin,5,49,0.0,23.0,1,3
83,2003-04-30,Hebei,9,48,0.0,7.0,0,4
84,2003-04-30,Shanxi,34,299,3.0,65.0,0,9
85,2003-04-30,Inner Mongolia,7,127,0.0,16.0,1,9
86,2003-04-30,Liaoning,0,1,0.0,0.0,0,0
87,2003-04-30,Jilin,0,7,0.0,2.0,0,0
88,2003-04-30,Heilongjiang,0,0,0.0,0.0,0,0
89,2003-04-30,Shanghai,0,2,0.0,0.0,0,0
90,2003-04-30,Jiangsu,1,1,0.0,0.0,0,0
91,2003-04-30,Zhejiang,0,3,0.0,0.0,0,0
92,2003-04-30,Anhui,2,7,0.0,0.0,0,0
93,2003-04-30,Fujian,0,3,0.0,0.0,0,0
94,2003-04-30,Jiangxi,0,0,0.0,0.0,0,0
95,2003-04-30,Shandong,0,1,0.0,0.0,0,0
96,2003-04-30,Henan,0,12,0.0,1.0,0,0
97,2003-04-30,Hubei,0,3,0.0,1.0,0,0
98,2003-04-30,Hunan,0,6,0.0,0.0,0,1
99,2003-04-30,Guangdong,6,1405,0.0,342.0,0,51
100,2003-04-30,Guangxi,1,18,0.0,0.0,0,3
101,2003-04-30,Chongqing,0,0,0.0,0.0,0,0
102,2003-04-30,Sichuan,0,12,0.0,0.0,0,2
103,2003-04-30,Shaanxi,0,8,0.0,0.0,0,0
104,2003-04-30,Gansu,0,3,0.0,0.0,0,1
105,2003-04-30,Ningxia,0,5,0.0,0.0,0,1
106,2003-04-30,Xinjiang,0,0,0.0,0.0,0,0
108,2003-05-01,Beijing,122,1553,20.0,288.0,7,82
109,2003-05-01,Tianjin,12,61,3.0,26.0,0,3
110,2003-05-01,Hebei,8,56,0.0,7.0,0,4
111,2003-05-01,Shanxi,8,307,1.0,66.0,1,10
112,2003-05-01,Inner Mongolia,27,154,4.0,20.0,2,11
113,2003-05-01,Liaoning,0,1,0.0,0.0,0,0
114,2003-05-01,Jilin,2,9,0.0,2.0,1,1
115,2003-05-01,Heilongjiang,0,0,0.0,0.0,0,0
116,2003-05-01,Shanghai,0,2,0.0,0.0,0,0
117,2003-05-01,Jiangsu,0,1,0.0,0.0,0,0
118,2003-05-01,Zhejiang,0,3,0.0,0.0,0,0
119,2003-05-01,Anhui,0,7,0.0,0.0,0,0
120,2003-05-01,Fujian,0,3,0.0,0.0,0,0
121,2003-05-01,Jiangxi,0,0,0.0,0.0,0,0
122,2003-05-01,Shandong,0,1,0.0,0.0,0,0
123,2003-05-01,Henan,1,13,0.0,1.0,0,0
124,2003-05-01,Hubei,0,3,0.0,1.0,0,0
125,2003-05-01,Hunan,0,6,0.0,0.0,0,1
126,2003-05-01,Guangdong,7,1412,0.0,342.0,0,51
127,2003-05-01,Guangxi,0,18,0.0,0.0,0,3
128,2003-05-01,Chongqing,0,0,0.0,0.0,0,0
129,2003-05-01,Sichuan,0,12,0.0,0.0,0,2
130,2003-05-01,Shaanxi,0,8,0.0,0.0,0,0
131,2003-05-01,Gansu,0,3,0.0,0.0,0,1
132,2003-05-01,Ningxia,0,5,0.0,0.0,0,1
133,2003-05-01,Xinjiang,0,0,0.0,0.0,0,0
135,2003-05-02,Beijing,96,1636,15.0,300.0,9,91
136,2003-05-02,Tianjin,12,73,9.0,35.0,0,3
137,2003-05-02,Hebei,14,70,1.0,8.0,0,4
138,2003-05-02,Shanxi,4,311,0.0,66.0,0,10
139,2003-05-02,Inner Mongolia,26,180,2.0,22.0,2,13
140,2003-05-02,Liaoning,0,1,0.0,0.0,0,0
141,2003-05-02,Jilin,5,14,0.0,2.0,0,1
142,2003-05-02,Heilongjiang,0,0,0.0,0.0,0,0
143,2003-05-02,Shanghai,0,2,0.0,0.0,0,0
144,2003-05-02,Jiangsu,3,4,0.0,0.0,0,0
145,2003-05-02,Zhejiang,0,3,0.0,0.0,0,0
146,2003-05-02,Anhui,2,9,0.0,0.0,0,0
147,2003-05-02,Fujian,0,3,0.0,0.0,0,0
148,2003-05-02,Jiangxi,0,0,0.0,0.0,0,0
149,2003-05-02,Shandong,0,1,0.0,0.0,0,0
150,2003-05-02,Henan,1,14,0.0,1.0,0,0
151,2003-05-02,Hubei,1,4,0.0,1.0,0,0
152,2003-05-02,Hunan,0,6,0.0,0.0,0,1
153,2003-05-02,Guangdong,9,1421,1.0,343.0,0,51
154,2003-05-02,Guangxi,2,20,0.0,0.0,0,3
155,2003-05-02,Chongqing,0,0,0.0,0.0,0,0
156,2003-05-02,Sichuan,0,10,0.0,0.0,0,2
157,2003-05-02,Shaanxi,1,9,0.0,0.0,0,0
158,2003-05-02,Gansu,0,3,0.0,0.0,0,1
159,2003-05-02,Ningxia,0,5,0.0,0.0,0,1
160,2003-05-02,Xinjiang,0,0,0.0,0.0,0,0
162,2003-05-03,Beijing,114,1741,20.0,319.0,5,96
163,2003-05-03,Tianjin,18,91,10.0,45.0,1,4
164,2003-05-03,Hebei,9,79,1.0,9.0,0,4
165,2003-05-03,Shanxi,18,329,2.0,68.0,2,12
166,2003-05-03,Inner Mongolia,10,190,0.0,22.0,1,14
167,2003-05-03,Liaoning,0,1,0.0,0.0,0,0
168,2003-05-03,Jilin,0,14,0.0,2.0,0,1
169,2003-05-03,Heilongjiang,0,0,0.0,0.0,0,0
170,2003-05-03,Shanghai,0,2,0.0,0.0,0,0
171,2003-05-03,Jiangsu,0,4,0.0,0.0,0,0
172,2003-05-03,Zhejiang,0,3,0.0,0.0,0,0
173,2003-05-03,Anhui,0,9,0.0,0.0,0,0
174,2003-05-03,Fujian,0,3,0.0,0.0,0,0
175,2003-05-03,Jiangxi,0,0,0.0,0.0,0,0
176,2003-05-03,Shandong,0,1,0.0,0.0,0,0
177,2003-05-03,Henan,0,14,0.0,1.0,0,0
178,2003-05-03,Hubei,0,4,0.0,1.0,0,0
179,2003-05-03,Hunan,0,6,0.0,0.0,0,1
180,2003-05-03,Guangdong,11,1432,0.0,343.0,0,51
181,2003-05-03,Guangxi,0,20,0.0,0.0,0,3
182,2003-05-03,Chongqing,0,0,0.0,0.0,0,0
183,2003-05-03,Sichuan,0,10,0.0,0.0,0,2
184,2003-05-03,Shaanxi,0,9,0.0,0.0,0,0
185,2003-05-03,Gansu,0,3,0.0,0.0,0,1
186,2003-05-03,Ningxia,1,6,0.0,0.0,0,1
187,2003-05-03,Xinjiang,0,0,0.0,0.0,0,0
189,2003-05-04,Beijing,69,1803,8.0,326.0,4,100
190,2003-05-04,Tianjin,9,100,4.0,49.0,0,4
191,2003-05-04,Hebei,19,98,1.0,10.0,2,6
192,2003-05-04,Shanxi,11,329,0.0,68.0,0,12
193,2003-05-04,Inner Mongolia,35,225,2.0,29.0,0,14
194,2003-05-04,Liaoning,0,1,0.0,0.0,0,0
195,2003-05-04,Jilin,4,18,3.0,5.0,1,2
196,2003-05-04,Heilongjiang,0,0,0.0,0.0,0,0
197,2003-05-04,Shanghai,2,4,0.0,0.0,0,0
198,2003-05-04,Jiangsu,0,4,0.0,0.0,0,0
199,2003-05-04,Zhejiang,0,3,0.0,0.0,0,0
200,2003-05-04,Anhui,0,8,0.0,0.0,0,0
201,2003-05-04,Fujian,0,3,0.0,0.0,0,0
202,2003-05-04,Jiangxi,1,1,0.0,0.0,0,0
203,2003-05-04,Shandong,0,1,0.0,0.0,0,0
204,2003-05-04,Henan,0,14,0.0,1.0,0,0
205,2003-05-04,Hubei,0,4,0.0,1.0,0,0
206,2003-05-04,Hunan,0,6,0.0,0.0,0,1
207,2003-05-04,Guangdong,9,1441,0.0,343.0,0,51
208,2003-05-04,Guangxi,0,20,0.0,0.0,0,3
209,2003-05-04,Chongqing,1,1,0.0,0.0,0,0
210,2003-05-04,Sichuan,1,11,0.0,0.0,0,2
211,2003-05-04,Shaanxi,0,9,0.0,0.0,0,0
212,2003-05-04,Gansu,2,5,0.0,0.0,0,1
213,2003-05-04,Ningxia,0,6,0.0,0.0,0,1
214,2003-05-04,Xinjiang,0,0,0.0,0.0,0,0
216,2003-05-05,Beijing,98,1897,9.0,335.0,3,103
217,2003-05-05,Tianjin,9,109,3.0,52.0,1,5
218,2003-05-05,Hebei,9,107,1.0,11.0,0,6
219,2003-05-05,Shanxi,21,360,2.0,70.0,2,14
220,2003-05-05,Inner Mongolia,6,230,2.0,31.0,0,14
221,2003-05-05,Liaoning,0,1,0.0,0.0,0,0
222,2003-05-05,Jilin,3,21,1.0,6.0,0,2
223,2003-05-05,Heilongjiang,0,0,0.0,0.0,0,0
224,2003-05-05,Shanghai,0,4,0.0,0.0,0,0
225,2003-05-05,Jiangsu,0,4,0.0,0.0,0,0
226,2003-05-05,Zhejiang,0,3,0.0,0.0,0,0
227,2003-05-05,Anhui,1,9,0.0,0.0,0,0
228,2003-05-05,Fujian,0,3,0.0,0.0,0,0
229,2003-05-05,Jiangxi,0,1,0.0,0.0,0,0
230,2003-05-05,Shandong,0,1,0.0,0.0,0,0
231,2003-05-05,Henan,0,14,0.0,1.0,0,0
232,2003-05-05,Hubei,0,4,0.0,1.0,0,0
233,2003-05-05,Hunan,0,6,0.0,0.0,0,1
234,2003-05-05,Guangdong,12,1453,0.0,343.0,3,54
235,2003-05-05,Guangxi,0,20,0.0,0.0,0,3
236,2003-05-05,Chongqing,0,1,0.0,0.0,0,0
237,2003-05-05,Sichuan,0,11,0.0,0.0,0,2
238,2003-05-05,Shaanxi,1,10,1.0,1.0,0,0
239,2003-05-05,Gansu,0,5,0.0,0.0,0,1
240,2003-05-05,Ningxia,0,6,0.0,0.0,0,1
241,2003-05-05,Xinjiang,0,0,0.0,0.0,0,0
243,2003-05-06,Beijing,70,1960,14.0,348.0,4,107
244,2003-05-06,Tianjin,11,120,6.0,58.0,0,5
245,2003-05-06,Hebei,6,113,2.0,13.0,0,6
246,2003-05-06,Shanxi,11,369,5.0,75.0,3,17
247,2003-05-06,Inner Mongolia,21,251,5.0,36.0,0,14
248,2003-05-06,Liaoning,0,1,0.0,0.0,0,0
249,2003-05-06,Jilin,2,23,0.0,6.0,0,2
250,2003-05-06,Heilongjiang,0,0,0.0,0.0,0,0
251,2003-05-06,Shanghai,2,6,0.0,0.0,0,0
252,2003-05-06,Jiangsu,0,4,0.0,0.0,0,0
253,2003-05-06,Zhejiang,0,3,0.0,0.0,0,0
254,2003-05-06,Anhui,0,9,0.0,0.0,0,0
255,2003-05-06,Fujian,0,3,0.0,0.0,0,0
256,2003-05-06,Jiangxi,0,1,0.0,0.0,0,0
257,2003-05-06,Shandong,0,1,0.0,0.0,0,0
258,2003-05-06,Henan,0,14,0.0,1.0,0,0
259,2003-05-06,Hubei,2,6,0.0,1.0,0,0
260,2003-05-06,Hunan,0,6,0.0,0.0,0,1
261,2003-05-06,Guangdong,12,1465,1.0,344.0,1,55
262,2003-05-06,Guangxi,0,20,0.0,0.0,0,3
263,2003-05-06,Chongqing,0,1,0.0,0.0,0,0
264,2003-05-06,Sichuan,0,11,0.0,0.0,0,2
265,2003-05-06,Shaanxi,0,10,0.0,1.0,0,0
266,2003-05-06,Gansu,1,6,0.0,0.0,0,1
267,2003-05-06,Ningxia,0,6,0.0,0.0,0,1
268,2003-05-06,Xinjiang,0,0,0.0,0.0,0,0
270,2003-05-07,Beijing,97,2049,12.0,358.0,3,110
271,2003-05-07,Tianjin,7,127,3.0,61.0,0,5
272,2003-05-07,Hebei,21,134,2.0,15.0,0,6
273,2003-05-07,Shanxi,9,378,1.0,76.0,0,17
274,2003-05-07,Inner Mongolia,7,258,2.0,38.0,2,16
275,2003-05-07,Liaoning,0,1,0.0,0.0,0,0
276,2003-05-07,Jilin,2,25,0.0,6.0,0,2
277,2003-05-07,Heilongjiang,0,0,0.0,0.0,0,0
278,2003-05-07,Shanghai,0,6,0.0,0.0,0,0
279,2003-05-07,Jiangsu,0,4,0.0,0.0,0,0
280,2003-05-07,Zhejiang,0,3,0.0,0.0,0,0
281,2003-05-07,Anhui,0,9,0.0,0.0,0,0
282,2003-05-07,Fujian,0,3,0.0,0.0,0,0
283,2003-05-07,Jiangxi,0,1,0.0,0.0,0,0
284,2003-05-07,Shandong,0,1,0.0,0.0,0,0
285,2003-05-07,Henan,1,15,0.0,1.0,0,0
286,2003-05-07,Hubei,0,6,0.0,1.0,0,0
287,2003-05-07,Hunan,0,6,0.0,0.0,0,1
288,2003-05-07,Guangdong,13,1478,0.0,344.0,0,55
289,2003-05-07,Guangxi,0,20,0.0,0.0,0,3
290,2003-05-07,Chongqing,2,3,0.0,0.0,0,0
291,2003-05-07,Sichuan,0,11,0.0,0.0,0,2
292,2003-05-07,Shaanxi,0,10,0.0,1.0,0,0
293,2003-05-07,Gansu,0,6,0.0,0.0,0,1
294,2003-05-07,Ningxia,0,6,0.0,0.0,0,1
296,2003-05-08,Beijing,94,2136,12.0,370.0,2,112
297,2003-05-08,Tianjin,5,132,3.0,64.0,0,5
298,2003-05-08,Hebei,13,147,0.0,15.0,0,6
299,2003-05-08,Shanxi,13,391,0.0,76.0,0,17
300,2003-05-08,Inner Mongolia,9,266,1.0,39.0,0,16
301,2003-05-08,Liaoning,1,2,0.0,0.0,0,0
302,2003-05-08,Jilin,1,26,0.0,6.0,1,3
303,2003-05-08,Heilongjiang,0,0,0.0,0.0,0,0
304,2003-05-08,Shanghai,0,6,0.0,0.0,1,1
305,2003-05-08,Jiangsu,1,5,0.0,0.0,0,0
306,2003-05-08,Zhejiang,1,4,0.0,0.0,0,0
307,2003-05-08,Anhui,0,9,0.0,0.0,0,0
308,2003-05-08,Fujian,0,3,0.0,0.0,0,0
309,2003-05-08,Jiangxi,0,1,0.0,0.0,0,0
310,2003-05-08,Shandong,0,1,0.0,0.0,0,0
311,2003-05-08,Henan,0,15,0.0,1.0,0,0
312,2003-05-08,Hubei,0,6,0.0,1.0,0,0
313,2003-05-08,Hunan,0,6,0.0,0.0,0,1
314,2003-05-08,Guangdong,7,1485,0.0,344.0,1,56
315,2003-05-08,Guangxi,0,20,0.0,0.0,0,3
316,2003-05-08,Chongqing,0,3,0.0,0.0,0,0
317,2003-05-08,Sichuan,0,11,0.0,0.0,0,2
318,2003-05-08,Shaanxi,1,11,0.0,1.0,0,0
319,2003-05-08,Gansu,0,6,0.0,0.0,0,1
320,2003-05-08,Ningxia,0,6,0.0,0.0,0,1
322,2003-05-09,Beijing,48,2177,3.0,372.0,2,114
323,2003-05-09,Tianjin,9,141,2.0,66.0,1,6
324,2003-05-09,Hebei,9,156,0.0,15.0,2,8
325,2003-05-09,Shanxi,11,400,0.0,76.0,0,17
326,2003-05-09,Inner Mongolia,20,284,3.0,42.0,1,17
327,2003-05-09,Liaoning,0,2,0.0,0.0,0,0
328,2003-05-09,Jilin,0,26,0.0,6.0,0,3
329,2003-05-09,Heilongjiang,0,0,0.0,0.0,0,0
330,2003-05-09,Shanghai,0,6,0.0,0.0,0,1
331,2003-05-09,Jiangsu,0,5,0.0,0.0,0,0
332,2003-05-09,Zhejiang,0,4,0.0,0.0,0,0
333,2003-05-09,Anhui,0,9,0.0,0.0,0,0
334,2003-05-09,Fujian,0,3,0.0,0.0,0,0
335,2003-05-09,Jiangxi,0,1,0.0,0.0,0,0
336,2003-05-09,Shandong,0,1,0.0,0.0,0,0
337,2003-05-09,Henan,0,15,0.0,1.0,0,0
338,2003-05-09,Hubei,0,6,0.0,1.0,0,0
339,2003-05-09,Hunan,0,6,0.0,0.0,0,1
340,2003-05-09,Guangdong,17,1502,1.0,345.0,0,56
341,2003-05-09,Guangxi,0,20,0.0,0.0,0,3
342,2003-05-09,Chongqing,0,3,0.0,0.0,0,0
343,2003-05-09,Sichuan,2,13,0.0,0.0,0,2
344,2003-05-09,Shaanxi,1,12,0.0,1.0,0,0
345,2003-05-09,Gansu,1,7,0.0,0.0,0,1
346,2003-05-09,Ningxia,0,6,0.0,0.0,0,1
348,2003-05-10,Beijing,54,2227,4.0,375.0,2,116
349,2003-05-10,Tianjin,8,149,1.0,67.0,1,7
350,2003-05-10,Hebei,1,157,0.0,15.0,0,8
351,2003-05-10,Shanxi,11,410,1.0,77.0,1,18
352,2003-05-10,Inner Mongolia,6,289,1.0,43.0,0,17
353,2003-05-10,Liaoning,0,2,0.0,0.0,0,0
354,2003-05-10,Jilin,0,26,0.0,6.0,1,4
355,2003-05-10,Heilongjiang,0,0,0.0,0.0,0,0
356,2003-05-10,Shanghai,1,7,0.0,0.0,0,1
357,2003-05-10,Jiangsu,1,6,0.0,0.0,0,0
358,2003-05-10,Zhejiang,0,4,0.0,0.0,0,0
359,2003-05-10,Anhui,1,10,0.0,0.0,0,0
360,2003-05-10,Fujian,0,3,0.0,0.0,0,0
361,2003-05-10,Jiangxi,0,1,0.0,0.0,0,0
362,2003-05-10,Shandong,0,1,0.0,0.0,0,0
363,2003-05-10,Henan,0,15,0.0,1.0,0,0
364,2003-05-10,Hubei,0,6,0.0,1.0,0,0
365,2003-05-10,Hunan,0,6,0.0,0.0,0,1
366,2003-05-10,Guangdong,2,1504,0.0,345.0,0,56
367,2003-05-10,Guangxi,0,20,0.0,0.0,0,3
368,2003-05-10,Chongqing,0,3,0.0,0.0,0,0
369,2003-05-10,Sichuan,0,13,0.0,0.0,0,2
370,2003-05-10,Shaanxi,0,12,0.0,1.0,0,0
371,2003-05-10,Gansu,0,7,0.0,0.0,0,1
372,2003-05-10,Ningxia,0,6,0.0,0.0,0,1
374,2003-05-11,Beijing,42,2265,4.0,379.0,4,120
375,2003-05-11,Tianjin,8,157,1.0,68.0,0,7
376,2003-05-11,Hebei,9,166,0.0,15.0,0,8
377,2003-05-11,Shanxi,6,416,0.0,77.0,0,18
378,2003-05-11,Inner Mongolia,0,288,0.0,42.0,1,18
379,2003-05-11,Liaoning,0,2,0.0,0.0,0,0
380,2003-05-11,Jilin,0,26,0.0,6.0,0,4
381,2003-05-11,Heilongjiang,0,0,0.0,0.0,0,0
382,2003-05-11,Shanghai,0,7,0.0,0.0,0,1
383,2003-05-11,Jiangsu,1,7,0.0,0.0,0,0
384,2003-05-11,Zhejiang,0,4,0.0,0.0,0,0
385,2003-05-11,Anhui,0,10,0.0,0.0,0,0
386,2003-05-11,Fujian,0,3,0.0,0.0,0,0
387,2003-05-11,Jiangxi,0,1,0.0,0.0,0,0
388,2003-05-11,Shandong,0,1,0.0,0.0,0,0
389,2003-05-11,Henan,0,15,0.0,1.0,0,0
390,2003-05-11,Hubei,0,6,0.0,1.0,0,0
391,2003-05-11,Hunan,0,6,0.0,0.0,0,1
392,2003-05-11,Guangdong,2,1506,0.0,345.0,0,56
393,2003-05-11,Guangxi,0,20,0.0,0.0,0,3
394,2003-05-11,Chongqing,0,3,0.0,0.0,0,0
395,2003-05-11,Sichuan,0,13,0.0,0.0,0,2
396,2003-05-11,Shaanxi,0,12,0.0,1.0,0,0
397,2003-05-11,Gansu,1,8,0.0,0.0,0,1
398,2003-05-11,Ningxia,0,6,0.0,0.0,0,1
400,2003-05-12,Beijing,48,2304,5.0,384.0,9,129
401,2003-05-12,Tianjin,6,163,0.0,68.0,1,8
402,2003-05-12,Hebei,11,177,1.0,16.0,0,8
403,2003-05-12,Shanxi,4,420,0.0,77.0,0,18
404,2003-05-12,Inner Mongolia,1,288,0.0,42.0,2,20
405,2003-05-12,Liaoning,1,3,0.0,0.0,0,0
406,2003-05-12,Jilin,1,27,0.0,6.0,0,4
407,2003-05-12,Heilongjiang,0,0,0.0,0.0,0,0
408,2003-05-12,Shanghai,0,7,0.0,0.0,0,1
409,2003-05-12,Jiangsu,0,7,0.0,0.0,0,0
410,2003-05-12,Zhejiang,0,4,0.0,0.0,0,0
411,2003-05-12,Anhui,0,10,0.0,0.0,0,0
412,2003-05-12,Fujian,0,3,0.0,0.0,0,0
413,2003-05-12,Jiangxi,0,1,0.0,0.0,0,0
414,2003-05-12,Shandong,0,1,0.0,0.0,0,0
415,2003-05-12,Henan,0,15,0.0,1.0,0,0
416,2003-05-12,Hubei,0,6,0.0,1.0,0,0
417,2003-05-12,Hunan,0,6,0.0,0.0,0,1
418,2003-05-12,Guangdong,3,1509,0.0,345.0,0,56
419,2003-05-12,Guangxi,0,20,0.0,0.0,0,3
420,2003-05-12,Chongqing,0,3,0.0,0.0,0,0
421,2003-05-12,Sichuan,0,13,0.0,0.0,0,2
422,2003-05-12,Shaanxi,0,12,0.0,1.0,0,0
423,2003-05-12,Gansu,0,8,0.0,0.0,0,1
424,2003-05-12,Ningxia,0,6,0.0,0.0,0,1
426,2003-05-13,Beijing,48,2347,4.0,384.0,5,134
427,2003-05-13,Tianjin,4,167,0.0,68.0,1,9
428,2003-05-13,Hebei,14,191,0.0,16.0,0,8
429,2003-05-13,Shanxi,13,431,1.0,78.0,1,19
430,2003-05-13,Inner Mongolia,0,288,0.0,42.0,3,23
431,2003-05-13,Liaoning,0,3,0.0,0.0,0,0
432,2003-05-13,Jilin,0,27,0.0,6.0,0,4
433,2003-05-13,Heilongjiang,0,0,0.0,0.0,0,0
434,2003-05-13,Shanghai,0,7,0.0,0.0,0,1
435,2003-05-13,Jiangsu,0,7,0.0,0.0,0,0
436,2003-05-13,Zhejiang,0,4,0.0,0.0,0,0
437,2003-05-13,Anhui,0,10,0.0,0.0,0,0
438,2003-05-13,Fujian,0,3,0.0,0.0,0,0
439,2003-05-13,Jiangxi,0,1,0.0,0.0,0,0
440,2003-05-13,Shandong,0,1,0.0,0.0,0,0
441,2003-05-13,Henan,0,15,0.0,1.0,0,0
442,2003-05-13,Hubei,0,6,0.0,1.0,0,0
443,2003-05-13,Hunan,0,6,0.0,0.0,0,1
444,2003-05-13,Guangdong,0,1509,0.0,345.0,0,56
445,2003-05-13,Guangxi,0,20,0.0,0.0,0,3
446,2003-05-13,Chongqing,0,3,0.0,0.0,0,0
447,2003-05-13,Sichuan,1,14,0.0,0.0,0,2
448,2003-05-13,Shaanxi,0,12,0.0,1.0,0,0
449,2003-05-13,Gansu,0,8,0.0,0.0,0,1
450,2003-05-13,Ningxia,0,6,0.0,0.0,0,1
452,2003-05-14,Beijing,39,2370,3.0,387.0,5,139
453,2003-05-14,Tianjin,4,171,0.0,68.0,0,9
454,2003-05-14,Hebei,3,194,2.0,18.0,0,8
455,2003-05-14,Shanxi,4,435,0.0,78.0,0,19
456,2003-05-14,Inner Mongolia,0,288,0.0,42.0,0,23
457,2003-05-14,Liaoning,0,3,0.0,0.0,0,0
458,2003-05-14,Jilin,3,30,0.0,6.0,0,4
459,2003-05-14,Heilongjiang,0,0,0.0,0.0,0,0
460,2003-05-14,Shanghai,0,7,0.0,0.0,0,1
461,2003-05-14,Jiangsu,0,7,0.0,0.0,0,0
462,2003-05-14,Zhejiang,0,4,0.0,0.0,0,0
463,2003-05-14,Anhui,0,10,0.0,0.0,0,0
464,2003-05-14,Fujian,0,3,0.0,0.0,0,0
465,2003-05-14,Jiangxi,0,1,0.0,0.0,0,0
466,2003-05-14,Shandong,0,1,0.0,0.0,0,0
467,2003-05-14,Henan,0,15,0.0,1.0,0,0
468,2003-05-14,Hubei,0,6,0.0,1.0,0,0
469,2003-05-14,Hunan,0,6,0.0,0.0,0,1
470,2003-05-14,Guangdong,1,1510,0.0,345.0,0,56
471,2003-05-14,Guangxi,0,20,0.0,0.0,0,3
472,2003-05-14,Chongqing,0,3,0.0,0.0,0,0
473,2003-05-14,Sichuan,1,15,0.0,0.0,0,2
474,2003-05-14,Shaanxi,0,12,0.0,1.0,0,0
475,2003-05-14,Gansu,0,8,0.0,0.0,0,1
476,2003-05-14,Ningxia,0,5,0.0,0.0,0,1
478,2003-05-15,Beijing,27,2388,2.0,389.0,1,140
479,2003-05-15,Tianjin,3,174,0.0,68.0,1,10
480,2003-05-15,Hebei,6,200,0.0,18.0,1,9
481,2003-05-15,Shanxi,7,442,0.0,78.0,0,19
482,2003-05-15,Inner Mongolia,4,288,0.0,41.0,1,24
483,2003-05-15,Liaoning,0,3,0.0,0.0,0,0
484,2003-05-15,Jilin,2,32,0.0,6.0,0,4
485,2003-05-15,Heilongjiang,0,0,0.0,0.0,0,0
486,2003-05-15,Shanghai,0,7,0.0,0.0,0,1
487,2003-05-15,Jiangsu,0,7,0.0,0.0,0,0
488,2003-05-15,Zhejiang,0,4,0.0,0.0,0,0
489,2003-05-15,Anhui,0,10,0.0,0.0,0,0
490,2003-05-15,Fujian,0,3,0.0,0.0,0,0
491,2003-05-15,Jiangxi,0,1,0.0,0.0,0,0
492,2003-05-15,Shandong,0,1,0.0,0.0,0,0
493,2003-05-15,Henan,0,15,0.0,1.0,0,0
494,2003-05-15,Hubei,0,6,0.0,1.0,0,0
495,2003-05-15,Hunan,0,6,0.0,0.0,0,1
496,2003-05-15,Guangdong,3,1513,1.0,346.0,0,56
497,2003-05-15,Guangxi,0,20,0.0,0.0,0,3
498,2003-05-15,Chongqing,0,3,0.0,0.0,0,0
499,2003-05-15,Sichuan,0,15,0.0,0.0,0,2
500,2003-05-15,Shaanxi,0,12,0.0,1.0,0,0
501,2003-05-15,Gansu,0,8,0.0,0.0,0,1
502,2003-05-15,Ningxia,0,5,0.0,0.0,0,1
504,2003-05-16,Beijing,28,2405,2.0,391.0,1,141
505,2003-05-16,Tianjin,3,177,1.0,69.0,1,11
506,2003-05-16,Hebei,2,202,0.0,18.0,1,10
507,2003-05-16,Shanxi,1,443,0.0,78.0,0,19
508,2003-05-16,Jilin,1,33,0.0,6.0,0,4
509,2003-05-16,Guangdong,2,1515,0.0,346.0,0,56
510,2003-05-16,Sichuan,2,17,0.0,0.0,0,2
511,2003-05-16,Inner Mongolia,0,288,0.0,41.0,0,24
512,2003-05-16,Liaoning,0,3,0.0,0.0,0,0
513,2003-05-16,Jiangsu,0,7,0.0,0.0,0,0
514,2003-05-16,Gansu,0,8,0.0,0.0,0,1
515,2003-05-16,Shanghai,0,7,0.0,0.0,1,2
516,2003-05-16,Anhui,0,10,0.0,0.0,0,0
517,2003-05-16,Shaanxi,0,12,0.0,1.0,0,0
518,2003-05-16,Zhejiang,0,4,0.0,0.0,0,0
519,2003-05-16,Henan,0,15,0.0,1.0,0,0
520,2003-05-16,Chongqing,0,3,0.0,0.0,0,0
521,2003-05-16,Hubei,0,6,0.0,1.0,0,0
522,2003-05-16,Jiangxi,0,1,0.0,0.0,0,0
523,2003-05-16,Ningxia,0,5,0.0,0.0,0,1
524,2003-05-16,Guangxi,0,20,0.0,0.0,0,3
525,2003-05-16,Shandong,0,1,0.0,0.0,0,0
526,2003-05-16,Fujian,0,3,0.0,0.0,0,0
527,2003-05-16,Hunan,0,6,0.0,0.0,0,1
528,2003-05-16,Heilongjiang,0,0,0.0,0.0,0,0
530,2003-05-17,Beijing,19,2420,2.0,393.0,4,145
531,2003-05-17,Tianjin,1,176,0.0,67.0,1,12
532,2003-05-17,Shanxi,1,443,0.0,78.0,1,20
533,2003-05-17,Inner Mongolia,2,290,1.0,42.0,1,25
534,2003-05-17,Jilin,2,35,1.0,7.0,0,4
535,2003-05-17,Guangdong,2,1514,0.0,346.0,0,56
536,2003-05-17,Guangxi,1,21,0.0,0.0,0,3
537,2003-05-17,Hebei,0,202,0.0,18.0,0,10
538,2003-05-17,Sichuan,0,17,0.0,0.0,0,2
539,2003-05-17,Liaoning,0,3,0.0,0.0,0,0
540,2003-05-17,Jiangsu,0,7,0.0,0.0,0,0
541,2003-05-17,Gansu,0,8,0.0,0.0,0,1
542,2003-05-17,Shanghai,0,7,0.0,0.0,0,2
543,2003-05-17,Anhui,0,10,0.0,0.0,0,0
544,2003-05-17,Shaanxi,0,12,0.0,1.0,0,0
545,2003-05-17,Zhejiang,0,4,0.0,0.0,0,0
546,2003-05-17,Henan,0,15,0.0,1.0,0,0
547,2003-05-17,Chongqing,0,3,0.0,0.0,0,0
548,2003-05-17,Hubei,0,6,0.0,1.0,0,0
549,2003-05-17,Jiangxi,0,1,0.0,0.0,0,0
550,2003-05-17,Ningxia,0,5,0.0,0.0,0,1
551,2003-05-17,Shandong,0,1,0.0,0.0,0,0
552,2003-05-17,Fujian,0,3,0.0,0.0,0,0
553,2003-05-17,Hunan,0,6,0.0,0.0,0,1
554,2003-05-17,Heilongjiang,0,0,0.0,0.0,0,0
556,2003-05-18,Beijing,17,2434,1.0,394.0,2,147
557,2003-05-18,Hebei,8,210,4.0,22.0,0,10
558,2003-05-18,Shanxi,2,445,0.0,78.0,0,20
559,2003-05-18,Guangxi,1,22,0.0,0.0,0,3
560,2003-05-18,Tianjin,0,176,0.0,67.0,0,12
561,2003-05-18,Inner Mongolia,0,289,0.0,42.0,0,25
562,2003-05-18,Jilin,0,35,0.0,7.0,0,4
563,2003-05-18,Guangdong,0,1514,0.0,346.0,0,56
564,2003-05-18,Sichuan,0,17,0.0,0.0,0,2
565,2003-05-18,Liaoning,0,3,0.0,0.0,0,0
566,2003-05-18,Jiangsu,0,7,0.0,0.0,0,0
567,2003-05-18,Gansu,0,8,0.0,0.0,0,1
568,2003-05-18,Shanghai,0,7,0.0,0.0,0,2
569,2003-05-18,Anhui,0,10,0.0,0.0,0,0
570,2003-05-18,Shaanxi,0,12,0.0,1.0,0,0
571,2003-05-18,Zhejiang,0,4,0.0,0.0,0,0
572,2003-05-18,Henan,0,15,0.0,1.0,0,0
573,2003-05-18,Chongqing,0,3,0.0,0.0,0,0
574,2003-05-18,Hubei,0,6,0.0,1.0,0,0
575,2003-05-18,Jiangxi,0,1,0.0,0.0,0,0
576,2003-05-18,Ningxia,0,5,0.0,0.0,0,1
577,2003-05-18,Shandong,0,1,0.0,0.0,0,0
578,2003-05-18,Fujian,0,3,0.0,0.0,0,0
579,2003-05-18,Hunan,0,6,0.0,0.0,0,1
580,2003-05-18,Heilongjiang,0,0,0.0,0.0,0,0
582,2003-05-19,Beijing,7,2437,2.0,396.0,3,150
583,2003-05-19,Hebei,4,214,0.0,22.0,1,11
584,2003-05-19,Hubei,1,7,0.0,1.0,0,0
585,2003-05-19,Shanxi,0,444,0.0,78.0,0,20
586,2003-05-19,Guangxi,0,22,0.0,0.0,0,3
587,2003-05-19,Tianjin,0,175,0.0,67.0,1,13
588,2003-05-19,Inner Mongolia,0,286,0.0,41.0,0,25
589,2003-05-19,Jilin,0,35,0.0,7.0,0,4
590,2003-05-19,Guangdong,0,1514,0.0,346.0,0,56
591,2003-05-19,Sichuan,0,17,0.0,0.0,0,2
592,2003-05-19,Liaoning,0,3,0.0,0.0,0,0
593,2003-05-19,Jiangsu,0,7,0.0,0.0,0,0
594,2003-05-19,Gansu,0,8,0.0,0.0,0,1
595,2003-05-19,Shanghai,0,7,0.0,0.0,0,2
596,2003-05-19,Anhui,0,10,0.0,0.0,0,0
597,2003-05-19,Shaanxi,0,12,0.0,1.0,0,0
598,2003-05-19,Zhejiang,0,4,0.0,0.0,0,0
599,2003-05-19,Henan,0,15,0.0,1.0,0,0
600,2003-05-19,Chongqing,0,3,0.0,0.0,0,0
601,2003-05-19,Jiangxi,0,1,0.0,0.0,0,0
602,2003-05-19,Ningxia,0,5,0.0,0.0,0,1
603,2003-05-19,Shandong,0,1,0.0,0.0,0,0
604,2003-05-19,Fujian,0,3,0.0,0.0,0,0
605,2003-05-19,Hunan,0,6,0.0,0.0,0,1
606,2003-05-19,Heilongjiang,0,0,0.0,0.0,0,0
608,2003-05-20,Beijing,12,2444,1.0,395.0,4,154
609,2003-05-20,Hebei,3,217,0.0,22.0,0,11
610,2003-05-20,Shanxi,1,445,0.0,78.0,0,20
611,2003-05-20,Inner Mongolia,1,287,0.0,41.0,0,25
612,2003-05-20,Hubei,0,7,0.0,1.0,0,0
613,2003-05-20,Guangxi,0,22,0.0,0.0,0,3
614,2003-05-20,Tianjin,0,175,0.0,67.0,0,13
615,2003-05-20,Jilin,0,35,0.0,7.0,1,5
616,2003-05-20,Guangdong,0,1514,0.0,346.0,0,56
617,2003-05-20,Sichuan,0,17,0.0,0.0,0,2
618,2003-05-20,Liaoning,0,3,0.0,0.0,0,0
619,2003-05-20,Jiangsu,0,7,0.0,0.0,0,0
620,2003-05-20,Gansu,0,8,0.0,0.0,0,1
621,2003-05-20,Shanghai,0,7,0.0,0.0,0,2
622,2003-05-20,Anhui,0,10,0.0,0.0,0,0
623,2003-05-20,Shaanxi,0,12,0.0,1.0,0,0
624,2003-05-20,Zhejiang,0,4,0.0,0.0,0,0
625,2003-05-20,Henan,0,15,0.0,1.0,0,0
626,2003-05-20,Chongqing,0,3,0.0,0.0,0,0
627,2003-05-20,Jiangxi,0,1,0.0,0.0,0,0
628,2003-05-20,Ningxia,0,5,0.0,0.0,0,1
629,2003-05-20,Shandong,0,1,0.0,0.0,0,0
630,2003-05-20,Fujian,0,3,0.0,0.0,0,0
631,2003-05-20,Hunan,0,6,0.0,0.0,0,1
632,2003-05-20,Heilongjiang,0,0,0.0,0.0,0,0
634,2003-05-21,Beijing,8,2444,0.0,395.0,2,156
635,2003-05-21,Hebei,4,221,1.0,23.0,0,11
636,2003-05-21,Shanxi,0,445,0.0,78.0,0,20
637,2003-05-21,Inner Mongolia,0,285,0.0,40.0,0,25
638,2003-05-21,Hubei,0,7,0.0,1.0,0,0
639,2003-05-21,Guangxi,0,22,0.0,0.0,0,3
640,2003-05-21,Tianjin,0,175,0.0,67.0,0,13
641,2003-05-21,Jilin,0,35,0.0,7.0,0,5
642,2003-05-21,Guangdong,0,1513,0.0,346.0,0,56
643,2003-05-21,Sichuan,0,17,0.0,0.0,0,2
644,2003-05-21,Liaoning,0,3,0.0,0.0,0,0
645,2003-05-21,Jiangsu,0,7,0.0,0.0,0,0
646,2003-05-21,Gansu,0,8,0.0,0.0,0,1
647,2003-05-21,Shanghai,0,7,0.0,0.0,0,2
648,2003-05-21,Anhui,0,10,0.0,0.0,0,0
649,2003-05-21,Shaanxi,0,12,0.0,1.0,0,0
650,2003-05-21,Zhejiang,0,4,0.0,0.0,0,0
651,2003-05-21,Henan,0,15,0.0,1.0,0,0
652,2003-05-21,Chongqing,0,3,0.0,0.0,0,0
653,2003-05-21,Jiangxi,0,1,0.0,0.0,0,0
654,2003-05-21,Ningxia,0,5,0.0,0.0,0,1
655,2003-05-21,Shandong,0,1,0.0,0.0,0,0
656,2003-05-21,Fujian,0,3,0.0,0.0,0,0
657,2003-05-21,Hunan,0,6,0.0,0.0,0,1
658,2003-05-21,Heilongjiang,0,0,0.0,0.0,0,0
660,2003-05-22,Beijing,15,2456,1.0,395.0,2,158
661,2003-05-22,Hebei,6,227,0.0,22.0,0,11
662,2003-05-22,Shanxi,2,447,1.0,79.0,0,20
663,2003-05-22,Inner Mongolia,1,285,0.0,40.0,0,25
664,2003-05-22,Liaoning,2,5,2.0,2.0,0,0
665,2003-05-22,Hubei,0,7,0.0,1.0,0,0
666,2003-05-22,Guangxi,0,22,0.0,0.0,0,3
667,2003-05-22,Tianjin,0,175,0.0,67.0,1,14
668,2003-05-22,Jilin,0,35,0.0,7.0,0,5
669,2003-05-22,Guangdong,0,1513,0.0,346.0,1,57
670,2003-05-22,Sichuan,0,17,0.0,0.0,0,2
671,2003-05-22,Jiangsu,0,7,0.0,0.0,0,0
672,2003-05-22,Gansu,0,8,0.0,0.0,0,1
673,2003-05-22,Shanghai,0,7,0.0,0.0,0,2
674,2003-05-22,Anhui,0,10,0.0,0.0,0,0
675,2003-05-22,Shaanxi,0,12,0.0,1.0,0,0
676,2003-05-22,Zhejiang,0,4,0.0,0.0,0,0
677,2003-05-22,Henan,0,15,0.0,1.0,0,0
678,2003-05-22,Chongqing,0,3,0.0,0.0,0,0
679,2003-05-22,Jiangxi,0,1,0.0,0.0,0,0
680,2003-05-22,Ningxia,0,5,0.0,0.0,0,1
681,2003-05-22,Shandong,0,1,0.0,0.0,0,0
682,2003-05-22,Fujian,0,3,0.0,0.0,0,0
683,2003-05-22,Hunan,0,6,0.0,0.0,0,1
684,2003-05-22,Heilongjiang,0,0,0.0,0.0,0,0
685,2003-05-22,Xinjiang,0,0,0.0,0.0,0,0
687,2003-05-23,Beijing,15,2465,1.0,395.0,2,160
688,2003-05-23,Sichuan,2,19,0.0,0.0,0,2
689,2003-05-23,Inner Mongolia,1,286,0.0,40.0,0,25
690,2003-05-23,Hebei,1,228,1.0,23.0,0,11
691,2003-05-23,Shanghai,1,8,0.0,0.0,0,2
692,2003-05-23,Shanxi,0,447,0.0,79.0,1,21
693,2003-05-23,Liaoning,0,5,0.0,2.0,0,0
694,2003-05-23,Hubei,0,7,0.0,1.0,0,0
695,2003-05-23,Guangxi,0,22,0.0,0.0,0,3
696,2003-05-23,Guangdong,0,1513,0.0,346.0,0,57
697,2003-05-23,Tianjin,0,175,0.0,67.0,0,14
698,2003-05-23,Jilin,0,35,0.0,7.0,0,5
699,2003-05-23,Gansu,0,8,0.0,0.0,0,1
700,2003-05-23,Jiangsu,0,7,0.0,0.0,0,0
701,2003-05-23,Anhui,0,10,0.0,0.0,0,0
702,2003-05-23,Shaanxi,0,12,0.0,1.0,0,0
703,2003-05-23,Zhejiang,0,4,0.0,0.0,0,0
704,2003-05-23,Henan,0,15,0.0,1.0,0,0
705,2003-05-23,Chongqing,0,3,0.0,0.0,0,0
706,2003-05-23,Jiangxi,0,1,0.0,0.0,0,0
707,2003-05-23,Ningxia,0,5,0.0,0.0,0,1
708,2003-05-23,Shandong,0,1,0.0,0.0,0,0
709,2003-05-23,Fujian,0,3,0.0,0.0,0,0
710,2003-05-23,Hunan,0,6,0.0,0.0,0,1
711,2003-05-23,Heilongjiang,0,0,0.0,0.0,0,0
712,2003-05-23,Xinjiang,0,0,0.0,0.0,0,0
714,2003-05-24,Beijing,26,2490,1.0,396.0,3,163
715,2003-05-24,Hebei,1,223,0.0,23.0,0,11
716,2003-05-24,Shanxi,4,450,0.0,79.0,0,21
717,2003-05-24,Inner Mongolia,2,286,0.0,40.0,1,26
718,2003-05-24,Liaoning,1,6,0.0,2.0,1,1
719,2003-05-24,Shanghai,0,8,0.0,0.0,0,2
720,2003-05-24,Sichuan,0,19,0.0,0.0,0,2
721,2003-05-24,Hubei,0,7,0.0,1.0,0,0
722,2003-05-24,Guangxi,0,22,0.0,0.0,0,3
723,2003-05-24,Tianjin,0,175,0.0,67.0,0,14
724,2003-05-24,Jilin,0,35,0.0,7.0,0,5
725,2003-05-24,Guangdong,0,1513,0.0,346.0,0,57
726,2003-05-24,Jiangsu,0,7,0.0,0.0,0,0
727,2003-05-24,Gansu,0,8,0.0,0.0,0,1
728,2003-05-24,Anhui,0,10,0.0,0.0,0,0
729,2003-05-24,Shaanxi,0,12,0.0,1.0,0,0
730,2003-05-24,Zhejiang,0,4,0.0,0.0,0,0
731,2003-05-24,Henan,0,15,0.0,1.0,0,0
732,2003-05-24,Chongqing,0,3,0.0,0.0,0,0
733,2003-05-24,Jiangxi,0,1,0.0,0.0,0,0
734,2003-05-24,Ningxia,0,5,0.0,0.0,0,1
735,2003-05-24,Shandong,0,1,0.0,0.0,0,0
736,2003-05-24,Fujian,0,3,0.0,0.0,0,0
737,2003-05-24,Hunan,0,6,0.0,0.0,0,1
738,2003-05-24,Heilongjiang,0,0,0.0,0.0,0,0
739,2003-05-24,Xinjiang,0,0,0.0,0.0,0,0
741,2003-05-25,Beijing,13,2499,1.0,396.0,4,167
742,2003-05-25,Hebei,1,222,0.0,23.0,0,11
743,2003-05-25,Inner Mongolia,2,286,2.0,41.0,1,27
744,2003-05-25,Shanxi,0,449,0.0,79.0,0,21
745,2003-05-25,Liaoning,0,6,0.0,2.0,1,2
746,2003-05-25,Shanghai,0,8,0.0,0.0,0,2
747,2003-05-25,Sichuan,0,19,0.0,0.0,0,2
748,2003-05-25,Hubei,0,7,0.0,1.0,1,1
749,2003-05-25,Guangxi,0,22,0.0,0.0,0,3
750,2003-05-25,Tianjin,0,175,0.0,67.0,0,14
751,2003-05-25,Jilin,0,35,0.0,7.0,0,5
752,2003-05-25,Guangdong,0,1513,0.0,346.0,0,57
753,2003-05-25,Jiangsu,0,7,0.0,0.0,0,0
754,2003-05-25,Gansu,0,8,0.0,0.0,0,1
755,2003-05-25,Anhui,0,10,0.0,0.0,0,0
756,2003-05-25,Shaanxi,0,12,0.0,1.0,0,0
757,2003-05-25,Zhejiang,0,4,0.0,0.0,0,0
758,2003-05-25,Henan,0,15,0.0,1.0,0,0
759,2003-05-25,Chongqing,0,3,0.0,0.0,0,0
760,2003-05-25,Jiangxi,0,1,0.0,0.0,0,0
761,2003-05-25,Ningxia,0,5,0.0,0.0,0,1
762,2003-05-25,Shandong,0,1,0.0,0.0,0,0
763,2003-05-25,Fujian,0,3,0.0,0.0,0,0
764,2003-05-25,Hunan,0,6,0.0,0.0,0,1
765,2003-05-25,Heilongjiang,0,0,0.0,0.0,0,0
766,2003-05-25,Xinjiang,0,0,0.0,0.0,0,0
768,2003-05-26,Beijing,5,2504,1.0,397.0,1,168
769,2003-05-26,Shanxi,1,450,1.0,80.0,0,21
770,2003-05-26,Inner Mongolia,2,286,0.0,41.0,1,28
771,2003-05-26,Hebei,0,216,0.0,22.0,0,11
772,2003-05-26,Liaoning,0,6,0.0,2.0,0,2
773,2003-05-26,Shanghai,0,8,0.0,0.0,0,2
774,2003-05-26,Sichuan,0,19,0.0,0.0,0,2
775,2003-05-26,Hubei,0,7,0.0,1.0,0,1
776,2003-05-26,Guangxi,0,22,0.0,0.0,0,3
777,2003-05-26,Tianjin,0,175,0.0,67.0,0,14
778,2003-05-26,Jilin,0,35,0.0,7.0,0,5
779,2003-05-26,Guangdong,0,1513,0.0,346.0,0,57
780,2003-05-26,Jiangsu,0,7,0.0,0.0,0,0
781,2003-05-26,Gansu,0,8,0.0,0.0,0,1
782,2003-05-26,Anhui,0,10,0.0,0.0,0,0
783,2003-05-26,Shaanxi,0,12,0.0,1.0,0,0
784,2003-05-26,Zhejiang,0,4,0.0,0.0,0,0
785,2003-05-26,Henan,0,15,0.0,1.0,0,0
786,2003-05-26,Chongqing,0,3,0.0,0.0,0,0
787,2003-05-26,Jiangxi,0,1,0.0,0.0,0,0
788,2003-05-26,Ningxia,0,5,0.0,0.0,0,1
789,2003-05-26,Shandong,0,1,0.0,0.0,0,0
790,2003-05-26,Fujian,0,3,0.0,0.0,0,0
791,2003-05-26,Hunan,0,6,0.0,0.0,0,1
792,2003-05-26,Heilongjiang,0,0,0.0,0.0,0,0
793,2003-05-26,Xinjiang,0,0,0.0,0.0,0,0
795,2003-05-27,Beijing,9,2512,1.0,398.0,4,172
796,2003-05-27,Shanxi,0,450,0.0,80.0,0,21
797,2003-05-27,Inner Mongolia,0,285,0.0,41.0,0,28
798,2003-05-27,Hebei,0,216,0.0,22.0,0,11
799,2003-05-27,Liaoning,0,6,0.0,2.0,0,2
800,2003-05-27,Shanghai,0,8,0.0,0.0,0,2
801,2003-05-27,Sichuan,0,19,0.0,0.0,0,2
802,2003-05-27,Hubei,0,7,0.0,1.0,0,1
803,2003-05-27,Guangxi,0,22,0.0,0.0,0,3
804,2003-05-27,Tianjin,0,175,0.0,67.0,0,14
805,2003-05-27,Jilin,0,35,0.0,7.0,0,5
806,2003-05-27,Guangdong,0,1512,0.0,346.0,0,57
807,2003-05-27,Jiangsu,0,7,0.0,0.0,0,0
808,2003-05-27,Gansu,0,8,0.0,0.0,0,1
809,2003-05-27,Anhui,0,10,0.0,0.0,0,0
810,2003-05-27,Shaanxi,0,12,0.0,1.0,0,0
811,2003-05-27,Zhejiang,0,4,0.0,0.0,0,0
812,2003-05-27,Henan,0,15,0.0,1.0,0,0
813,2003-05-27,Chongqing,0,3,0.0,0.0,0,0
814,2003-05-27,Jiangxi,0,1,0.0,0.0,0,0
815,2003-05-27,Ningxia,0,5,0.0,0.0,0,1
816,2003-05-27,Shandong,0,1,0.0,0.0,0,0
817,2003-05-27,Fujian,0,3,0.0,0.0,0,0
818,2003-05-27,Hunan,0,6,0.0,0.0,0,1
819,2003-05-27,Heilongjiang,0,0,0.0,0.0,0,0
820,2003-05-27,Xinjiang,0,0,0.0,0.0,0,0
822,2003-05-28,Beijing,3,2514,0.0,398.0,3,175
823,2003-05-28,Hebei,1,216,0.0,22.0,0,11
824,2003-05-28,Shanxi,0,450,0.0,80.0,0,21
825,2003-05-28,Inner Mongolia,0,285,0.0,41.0,0,28
826,2003-05-28,Liaoning,0,6,0.0,2.0,0,2
827,2003-05-28,Shanghai,0,8,0.0,0.0,0,2
828,2003-05-28,Sichuan,0,19,0.0,0.0,0,2
829,2003-05-28,Hubei,0,7,0.0,1.0,0,1
830,2003-05-28,Guangxi,0,22,0.0,0.0,0,3
831,2003-05-28,Tianjin,0,175,0.0,67.0,0,14
832,2003-05-28,Jilin,0,35,0.0,7.0,1,6
833,2003-05-28,Guangdong,0,1511,0.0,346.0,0,57
834,2003-05-28,Jiangsu,0,7,0.0,0.0,0,0
835,2003-05-28,Gansu,0,8,0.0,0.0,0,1
836,2003-05-28,Anhui,0,10,0.0,0.0,0,0
837,2003-05-28,Shaanxi,0,12,0.0,1.0,0,0
838,2003-05-28,Zhejiang,0,4,0.0,0.0,0,0
839,2003-05-28,Henan,0,15,0.0,1.0,0,0
840,2003-05-28,Chongqing,0,3,0.0,0.0,0,0
841,2003-05-28,Jiangxi,0,1,0.0,0.0,0,0
842,2003-05-28,Ningxia,0,5,0.0,0.0,0,1
843,2003-05-28,Shandong,0,1,0.0,0.0,0,0
844,2003-05-28,Fujian,0,3,0.0,0.0,0,0
845,2003-05-28,Hunan,0,6,0.0,0.0,0,1
846,2003-05-28,Heilongjiang,0,0,0.0,0.0,0,0
847,2003-05-28,Xinjiang,0,0,0.0,0.0,0,0
849,2003-05-29,Beijing,3,2517,0.0,398.0,1,176
850,2003-05-29,Hebei,0,216,0.0,22.0,1,12
851,2003-05-29,Shanxi,0,450,0.0,80.0,0,21
852,2003-05-29,Inner Mongolia,0,284,0.0,41.0,0,28
853,2003-05-29,Liaoning,0,6,0.0,2.0,0,2
854,2003-05-29,Shanghai,0,8,0.0,0.0,0,2
855,2003-05-29,Sichuan,0,19,0.0,0.0,0,2
856,2003-05-29,Hubei,0,7,0.0,1.0,0,1
857,2003-05-29,Guangxi,0,22,0.0,0.0,0,3
858,2003-05-29,Tianjin,0,175,0.0,67.0,0,14
859,2003-05-29,Jilin,0,35,0.0,7.0,0,6
860,2003-05-29,Guangdong,0,1511,0.0,346.0,0,57
861,2003-05-29,Jiangsu,0,7,0.0,0.0,0,0
862,2003-05-29,Gansu,0,8,0.0,0.0,0,1
863,2003-05-29,Anhui,0,10,0.0,0.0,0,0
864,2003-05-29,Shaanxi,0,12,0.0,1.0,0,0
865,2003-05-29,Zhejiang,0,4,0.0,0.0,0,0
866,2003-05-29,Henan,0,15,0.0,1.0,0,0
867,2003-05-29,Chongqing,0,3,0.0,0.0,0,0
868,2003-05-29,Jiangxi,0,1,0.0,0.0,0,0
869,2003-05-29,Ningxia,0,5,0.0,0.0,0,1
870,2003-05-29,Shandong,0,1,0.0,0.0,0,0
871,2003-05-29,Fujian,0,3,0.0,0.0,0,0
872,2003-05-29,Hunan,0,6,0.0,0.0,0,1
873,2003-05-29,Heilongjiang,0,0,0.0,0.0,0,0
874,2003-05-29,Xinjiang,0,0,0.0,0.0,0,0
876,2003-05-30,Beijing,6,2520,0.0,398.0,1,177
877,2003-05-30,Hebei,1,216,0.0,22.0,0,12
878,2003-05-30,Shanxi,0,450,0.0,80.0,0,21
879,2003-05-30,Inner Mongolia,0,284,0.0,41.0,0,28
880,2003-05-30,Liaoning,0,6,0.0,2.0,0,2
881,2003-05-30,Shanghai,0,8,0.0,0.0,0,2
882,2003-05-30,Sichuan,0,19,0.0,0.0,0,2
883,2003-05-30,Hubei,0,7,0.0,1.0,0,1
884,2003-05-30,Guangxi,0,22,0.0,0.0,0,3
885,2003-05-30,Tianjin,0,175,0.0,67.0,0,14
886,2003-05-30,Jilin,0,35,0.0,7.0,0,6
887,2003-05-30,Guangdong,0,1511,0.0,346.0,0,57
888,2003-05-30,Jiangsu,0,7,0.0,0.0,0,0
889,2003-05-30,Gansu,0,8,0.0,0.0,0,1
890,2003-05-30,Anhui,0,10,0.0,0.0,0,0
891,2003-05-30,Shaanxi,0,12,0.0,1.0,0,0
892,2003-05-30,Zhejiang,0,4,0.0,0.0,0,0
893,2003-05-30,Henan,0,15,0.0,1.0,0,0
894,2003-05-30,Chongqing,0,3,0.0,0.0,0,0
895,2003-05-30,Jiangxi,0,1,0.0,0.0,0,0
896,2003-05-30,Ningxia,0,5,0.0,0.0,0,1
897,2003-05-30,Shandong,0,1,0.0,0.0,0,0
898,2003-05-30,Fujian,0,3,0.0,0.0,0,0
899,2003-05-30,Hunan,0,6,0.0,0.0,0,1
900,2003-05-30,Heilongjiang,0,0,0.0,0.0,0,0
901,2003-05-30,Xinjiang,0,0,0.0,0.0,0,0
903,2003-05-31,Beijing,1,2521,1.0,399.0,4,181
904,2003-05-31,Hebei,0,215,0.0,22.0,0,12
905,2003-05-31,Shanxi,0,450,0.0,80.0,0,21
906,2003-05-31,Inner Mongolia,0,284,0.0,41.0,0,28
907,2003-05-31,Liaoning,0,6,0.0,2.0,0,2
908,2003-05-31,Shanghai,0,8,0.0,0.0,0,2
909,2003-05-31,Sichuan,0,19,0.0,0.0,0,2
910,2003-05-31,Hubei,0,7,0.0,1.0,0,1
911,2003-05-31,Guangxi,0,22,0.0,0.0,0,3
912,2003-05-31,Tianjin,0,175,0.0,67.0,0,14
913,2003-05-31,Jilin,0,35,0.0,7.0,0,6
914,2003-05-31,Guangdong,0,1511,0.0,346.0,0,57
915,2003-05-31,Jiangsu,0,7,0.0,0.0,0,0
916,2003-05-31,Gansu,0,8,0.0,0.0,0,1
917,2003-05-31,Anhui,0,10,0.0,0.0,0,0
918,2003-05-31,Shaanxi,0,12,0.0,1.0,0,0
919,2003-05-31,Zhejiang,0,4,0.0,0.0,0,0
920,2003-05-31,Henan,0,15,0.0,1.0,0,0
921,2003-05-31,Chongqing,0,3,0.0,0.0,0,0
922,2003-05-31,Jiangxi,0,1,0.0,0.0,0,0
923,2003-05-31,Ningxia,0,5,0.0,0.0,0,1
924,2003-05-31,Shandong,0,1,0.0,0.0,0,0
925,2003-05-31,Fujian,0,3,0.0,0.0,0,0
926,2003-05-31,Hunan,0,6,0.0,0.0,0,1
927,2003-05-31,Heilongjiang,0,0,0.0,0.0,0,0
928,2003-05-31,Xinjiang,0,0,0.0,0.0,0,0
930,2003-06-01,Beijing,1,2522,0.0,399.0,0,181
931,2003-06-01,Hebei,1,216,1.0,23.0,0,12
932,2003-06-01,Shanxi,0,448,0.0,80.0,0,21
933,2003-06-01,Inner Mongolia,0,284,0.0,41.0,0,28
934,2003-06-01,Liaoning,0,6,0.0,2.0,0,2
935,2003-06-01,Shanghai,0,8,0.0,0.0,0,2
936,2003-06-01,Sichuan,0,19,0.0,0.0,0,2
937,2003-06-01,Hubei,0,7,0.0,1.0,0,1
938,2003-06-01,Guangxi,0,22,0.0,0.0,0,3
939,2003-06-01,Tianjin,0,175,0.0,67.0,0,14
940,2003-06-01,Jilin,0,35,0.0,7.0,0,6
941,2003-06-01,Guangdong,0,1511,0.0,346.0,0,57
943,2003-06-02,Beijing,0,2522,0.0,399.0,0,181
944,2003-06-02,Hebei,0,216,0.0,23.0,0,12
945,2003-06-02,Shanxi,0,448,0.0,80.0,0,21
946,2003-06-02,Inner Mongolia,0,284,0.0,41.0,1,29
947,2003-06-02,Liaoning,0,6,0.0,2.0,0,2
948,2003-06-02,Sichuan,0,19,0.0,0.0,0,2
949,2003-06-02,Shanghai,0,8,0.0,0.0,0,2
950,2003-06-02,Hubei,0,7,0.0,1.0,0,1
951,2003-06-02,Guangxi,0,22,0.0,0.0,0,3
952,2003-06-02,Guangdong,0,1511,0.0,346.0,0,57
953,2003-06-02,Tianjin,0,175,0.0,67.0,0,14
954,2003-06-02,Jilin,0,35,0.0,7.0,0,6
956,2003-06-03,Beijing,2,2522,0.0,399.0,0,181
957,2003-06-03,Liaoning,1,7,1.0,3.0,0,2
958,2003-06-03,Hebei,0,216,0.0,23.0,0,12
959,2003-06-03,Shanxi,0,448,0.0,80.0,0,21
960,2003-06-03,Inner Mongolia,0,284,0.0,41.0,0,29
961,2003-06-03,Sichuan,0,19,0.0,0.0,0,2
962,2003-06-03,Shanghai,0,8,0.0,0.0,0,2
963,2003-06-03,Hubei,0,7,0.0,1.0,0,1
964,2003-06-03,Guangxi,0,22,0.0,0.0,0,3
965,2003-06-03,Guangdong,0,1511,0.0,346.0,0,57
966,2003-06-03,Tianjin,0,175,0.0,67.0,0,14
967,2003-06-03,Jilin,0,35,0.0,7.0,0,6
969,2003-06-04,Beijing,0,2522,0.0,399.0,0,181
970,2003-06-04,Liaoning,0,7,0.0,3.0,0,2
971,2003-06-04,Hebei,0,216,0.0,23.0,0,12
972,2003-06-04,Shanxi,0,448,0.0,80.0,0,21
973,2003-06-04,Inner Mongolia,0,284,0.0,41.0,0,29
974,2003-06-04,Shanghai,0,8,0.0,0.0,0,2
975,2003-06-04,Sichuan,0,19,0.0,0.0,0,2
976,2003-06-04,Hubei,0,7,0.0,1.0,0,1
977,2003-06-04,Guangxi,0,22,0.0,0.0,0,3
978,2003-06-04,Tianjin,0,175,0.0,67.0,0,14
979,2003-06-04,Jilin,0,35,0.0,7.0,0,6
980,2003-06-04,Guangdong,0,1511,0.0,346.0,0,57
982,2003-06-05,Beijing,0,2522,0.0,399.0,0,181
983,2003-06-05,Liaoning,0,7,0.0,3.0,0,2
984,2003-06-05,Hebei,0,216,0.0,23.0,0,12
985,2003-06-05,Shanxi,0,448,0.0,80.0,2,23
986,2003-06-05,Inner Mongolia,0,284,0.0,41.0,0,29
987,2003-06-05,Shanghai,0,8,0.0,0.0,0,2
988,2003-06-05,Sichuan,0,19,0.0,0.0,0,2
989,2003-06-05,Hubei,0,7,0.0,1.0,0,1
990,2003-06-05,Guangxi,0,22,0.0,0.0,0,3
991,2003-06-05,Tianjin,0,175,0.0,67.0,0,14
992,2003-06-05,Jilin,0,35,0.0,7.0,0,6
993,2003-06-05,Guangdong,0,1511,0.0,346.0,0,57
995,2003-06-06,Sichuan,1,20,0.0,0.0,0,2
996,2003-06-06,Beijing,0,2522,0.0,399.0,2,183
997,2003-06-06,Liaoning,0,7,0.0,3.0,0,2
998,2003-06-06,Hebei,0,215,0.0,23.0,0,12
999,2003-06-06,Shanxi,0,448,0.0,80.0,0,23
1000,2003-06-06,Inner Mongolia,0,284,0.0,41.0,0,29
1001,2003-06-06,Shanghai,0,8,0.0,0.0,0,2
1002,2003-06-06,Hubei,0,7,0.0,1.0,0,1
1003,2003-06-06,Guangxi,0,22,0.0,0.0,0,3
1005,2003-06-07,Beijing,1,2523,0.0,399.0,0,183
1006,2003-06-07,Sichuan,0,20,0.0,0.0,0,2
1007,2003-06-07,Liaoning,0,7,0.0,3.0,0,2
1008,2003-06-07,Hebei,0,215,0.0,23.0,0,12
1009,2003-06-07,Shanxi,0,448,0.0,80.0,0,23
1010,2003-06-07,Inner Mongolia,0,284,0.0,41.0,0,29
1011,2003-06-07,Shanghai,0,8,0.0,0.0,0,2
1012,2003-06-07,Hubei,0,7,0.0,1.0,0,1
1014,2003-06-08,Sichuan,0,20,,,0,2
1015,2003-06-08,Beijing,0,2522,,,1,184
1016,2003-06-08,Liaoning,0,7,,,0,2
1017,2003-06-08,Hebei,0,215,,,0,12
1018,2003-06-08,Shanxi,0,448,,,0,23
1019,2003-06-08,Inner Mongolia,0,283,,,0,29
1020,2003-06-08,Shanghai,0,8,,,0,2
1022,2003-06-09,Sichuan,0,20,,,0,2
1023,2003-06-09,Beijing,0,2522,,,0,184
1024,2003-06-09,Liaoning,0,7,,,0,2
1025,2003-06-09,Hebei,0,215,,,0,12
1026,2003-06-09,Shanxi,0,448,,,0,23
1027,2003-06-09,Inner Mongolia,0,283,,,0,29
1028,2003-06-09,Shanghai,0,8,,,0,2
1030,2003-06-10,Sichuan,0,20,,,0,2
1031,2003-06-10,Beijing,0,2522,,,2,186
1032,2003-06-10,Liaoning,0,7,,,0,2
1033,2003-06-10,Hebei,0,215,,,0,12
1034,2003-06-10,Shanxi,0,448,,,1,24
1035,2003-06-10,Inner Mongolia,0,283,,,0,29
1036,2003-06-10,Shanghai,0,8,,,0,2
1038,2003-06-11,Beijing,1,2523,,,0,186
1039,2003-06-11,Sichuan,0,20,,,0,2
1040,2003-06-11,Liaoning,0,7,,,0,2
1041,2003-06-11,Hebei,0,215,,,0,12
1042,2003-06-11,Shanxi,0,448,,,0,24
1043,2003-06-11,Inner Mongolia,0,283,,,0,29
1044,2003-06-11,Shanghai,0,8,,,0,2
1047,2003-06-12,Beijing,0,2523,,,1,187
1048,2003-06-12,Sichuan,0,20,,,0,2
1049,2003-06-12,Liaoning,0,7,,,0,2
1050,2003-06-12,Hebei,0,215,,,0,12
1051,2003-06-12,Shanxi,0,448,,,0,24
1052,2003-06-12,Inner Mongolia,0,282,,,0,28
1055,2003-06-13,Beijing,0,2522,,,0,187
1056,2003-06-13,Sichuan,0,20,,,0,2
1057,2003-06-13,Liaoning,0,7,,,0,2
1058,2003-06-13,Hebei,0,215,,,0,12
1059,2003-06-13,Shanxi,0,448,,,0,24
1060,2003-06-13,Inner Mongolia,0,282,,,0,28
1063,2003-06-14,Beijing,0,2522,,,2,189
1064,2003-06-14,Sichuan,0,20,,,0,2
1065,2003-06-14,Liaoning,0,7,,,0,2
1068,2003-06-16,Beijing,0,2521,,,1,190
1069,2003-06-16,Sichuan,0,20,,,0,2
1070,2003-06-16,Liaoning,0,7,,,0,2
1073,2003-06-17,Beijing,0,2521,,,0,190
1074,2003-06-17,Sichuan,0,20,,,0,2
1075,2003-06-17,Liaoning,0,7,,,0,2
1078,2003-06-18,Beijing,0,2521,,,1,191
1079,2003-06-18,Sichuan,0,20,,,0,2
1080,2003-06-18,Liaoning,0,7,,,0,2
1083,2003-06-19,Beijing,0,2521,,,0,191
1084,2003-06-19,Sichuan,0,20,,,0,2
1085,2003-06-19,Liaoning,0,7,,,0,2
1088,2003-06-20,Beijing,0,2521,,,0,191
1089,2003-06-20,Sichuan,0,20,,,0,2
1090,2003-06-20,Liaoning,0,7,,,0,2
1093,2003-06-23,Beijing,0,2521,,,0,191
1094,2003-06-23,Sichuan,0,20,,,0,2
